{"Learning Rate": 2e-05, "_timestamp": 1691763766.8337646, "_runtime": 4.61248254776001, "_step": 0}