{"Learning Rate": 0.0001, "_timestamp": 1691762972.6431463, "_runtime": 4.07404637336731, "_step": 0, "_wandb": {"runtime": 3}}