{"Learning Rate": 0.0001, "_timestamp": 1691763150.3774984, "_runtime": 5.1744372844696045, "_step": 0, "_wandb": {"runtime": 4}}