{"Learning Rate": 2e-05, "_timestamp": 1692017120.7705746, "_runtime": 135381.11845254898, "_step": 499, "Train Loss": -0.40929666970991024, "Train Pearson": 0.4101595412759056, "Val Loss": -0.4243453633750664, "Val Pearson": 0.42477392764815475, "Best Val Loss": -0.42452171876440137, "Test Loss": -0.42235348968732667, "Test Pearson": 0.4227591658261353, "_wandb": {"runtime": 135578}}