{"Learning Rate": 0.0001, "_timestamp": 1691762911.327318, "_runtime": 4.103540897369385, "_step": 0, "_wandb": {"runtime": 3}}