{"Learning Rate": 0.0001, "_timestamp": 1691763275.005547, "_runtime": 6.024187088012695, "_step": 0, "_wandb": {"runtime": 12}}