{"Learning Rate": 0.0001, "_timestamp": 1691762838.721942, "_runtime": 4.09850287437439, "_step": 0, "_wandb": {"runtime": 3}}