{"Learning Rate": 0.0001, "_timestamp": 1691763070.907831, "_runtime": 4.995928049087524, "_step": 0, "_wandb": {"runtime": 4}}